<?xml version="1.0"?>
<opencv_storage>
<!-- Created using Computer Vision System Toolbox(tm) for MATLAB(R) -->
<!-- Version 9.3.0.713579 (R2017b) -->
<!-- Compatible with OpenCV 3.1 -->
<cascade>
  <stageType>BOOST</stageType>
  <featureType>HOG</featureType>
  <height>56</height>
  <width>32</width>
  <stageParams>
    <boostType>GAB</boostType>
    <minHitRate>9.9500000476837158e-01</minHitRate>
    <maxFalseAlarm>5.0000000000000000e-01</maxFalseAlarm>
    <weightTrimRate>9.4999999999999996e-01</weightTrimRate>
    <maxDepth>1</maxDepth>
    <maxWeakCount>100</maxWeakCount></stageParams>
  <featureParams>
    <maxCatCount>0</maxCatCount>
    <featSize>36</featSize></featureParams>
  <stageNum>17</stageNum>
  <stages>
    <!-- stage 0 -->
    <_>
      <maxWeakCount>1</maxWeakCount>
      <stageThreshold>1.</stageThreshold>
      <weakClassifiers>
        <_>
          <internalNodes>
            0 -1 24 1.2304697185754776e-02</internalNodes>
          <leafValues>
            1. -1.</leafValues></_></weakClassifiers></_>
    <!-- stage 1 -->
    <_>
      <maxWeakCount>1</maxWeakCount>
      <stageThreshold>1.</stageThreshold>
      <weakClassifiers>
        <_>
          <internalNodes>
            0 -1 17 2.6092898100614548e-02</internalNodes>
          <leafValues>
            1. -1.</leafValues></_></weakClassifiers></_>
    <!-- stage 2 -->
    <_>
      <maxWeakCount>2</maxWeakCount>
      <stageThreshold>-7.7729746699333191e-02</stageThreshold>
      <weakClassifiers>
        <_>
          <internalNodes>
            0 -1 1 8.4946174174547195e-03</internalNodes>
          <leafValues>
            9.2307692766189575e-01 -9.2727273702621460e-01</leafValues></_>
        <_>
          <internalNodes>
            0 -1 16 4.7147185541689396e-03</internalNodes>
          <leafValues>
            8.4954297542572021e-01 -9.6498972177505493e-01</leafValues></_></weakClassifiers></_>
    <!-- stage 3 -->
    <_>
      <maxWeakCount>2</maxWeakCount>
      <stageThreshold>1.0714285820722580e-01</stageThreshold>
      <weakClassifiers>
        <_>
          <internalNodes>
            0 -1 20 1.6520731151103973e-02</internalNodes>
          <leafValues>
            9.2000001668930054e-01 -8.9285713434219360e-01</leafValues></_>
        <_>
          <internalNodes>
            0 -1 25 1.3035046868026257e-03</internalNodes>
          <leafValues>
            1. -7.9337263107299805e-01</leafValues></_></weakClassifiers></_>
    <!-- stage 4 -->
    <_>
      <maxWeakCount>1</maxWeakCount>
      <stageThreshold>8.6206895112991333e-01</stageThreshold>
      <weakClassifiers>
        <_>
          <internalNodes>
            0 -1 3 6.8617001175880432e-02</internalNodes>
          <leafValues>
            8.6206895112991333e-01 -1.</leafValues></_></weakClassifiers></_>
    <!-- stage 5 -->
    <_>
      <maxWeakCount>2</maxWeakCount>
      <stageThreshold>3.6363635212182999e-02</stageThreshold>
      <weakClassifiers>
        <_>
          <internalNodes>
            0 -1 21 4.3632343411445618e-02</internalNodes>
          <leafValues>
            1. -9.6363633871078491e-01</leafValues></_>
        <_>
          <internalNodes>
            0 -1 9 1.8040489405393600e-02</internalNodes>
          <leafValues>
            1. -9.3103420734405518e-01</leafValues></_></weakClassifiers></_>
    <!-- stage 6 -->
    <_>
      <maxWeakCount>2</maxWeakCount>
      <stageThreshold>-1.3787126541137695e-01</stageThreshold>
      <weakClassifiers>
        <_>
          <internalNodes>
            0 -1 14 5.2034887485206127e-03</internalNodes>
          <leafValues>
            6.6666668653488159e-01 -9.2156863212585449e-01</leafValues></_>
        <_>
          <internalNodes>
            0 -1 0 5.9221289120614529e-03</internalNodes>
          <leafValues>
            8.9782631397247314e-01 -8.0453795194625854e-01</leafValues></_></weakClassifiers></_>
    <!-- stage 7 -->
    <_>
      <maxWeakCount>2</maxWeakCount>
      <stageThreshold>-3.0509564280509949e-01</stageThreshold>
      <weakClassifiers>
        <_>
          <internalNodes>
            0 -1 19 1.0015088133513927e-02</internalNodes>
          <leafValues>
            -8.1132078170776367e-01 5.7142859697341919e-01</leafValues></_>
        <_>
          <internalNodes>
            0 -1 18 6.2531484290957451e-03</internalNodes>
          <leafValues>
            -7.6377058029174805e-01 5.0622510910034180e-01</leafValues></_></weakClassifiers></_>
    <!-- stage 8 -->
    <_>
      <maxWeakCount>1</maxWeakCount>
      <stageThreshold>5.0000000000000000e-01</stageThreshold>
      <weakClassifiers>
        <_>
          <internalNodes>
            0 -1 11 1.3357589486986399e-03</internalNodes>
          <leafValues>
            -1. 5.0000000000000000e-01</leafValues></_></weakClassifiers></_>
    <!-- stage 9 -->
    <_>
      <maxWeakCount>2</maxWeakCount>
      <stageThreshold>-4.4361844658851624e-02</stageThreshold>
      <weakClassifiers>
        <_>
          <internalNodes>
            0 -1 26 1.5061997808516026e-02</internalNodes>
          <leafValues>
            -9.6226418018341064e-01 8.5714286565780640e-01</leafValues></_>
        <_>
          <internalNodes>
            0 -1 10 3.0351743102073669e-02</internalNodes>
          <leafValues>
            1. -9.0150469541549683e-01</leafValues></_></weakClassifiers></_>
    <!-- stage 10 -->
    <_>
      <maxWeakCount>2</maxWeakCount>
      <stageThreshold>-1.6672627627849579e-01</stageThreshold>
      <weakClassifiers>
        <_>
          <internalNodes>
            0 -1 15 1.1356310918927193e-02</internalNodes>
          <leafValues>
            -7.1929824352264404e-01 5.8333331346511841e-01</leafValues></_>
        <_>
          <internalNodes>
            0 -1 27 1.1090654879808426e-02</internalNodes>
          <leafValues>
            -7.4019777774810791e-01 5.5257195234298706e-01</leafValues></_></weakClassifiers></_>
    <!-- stage 11 -->
    <_>
      <maxWeakCount>2</maxWeakCount>
      <stageThreshold>-1.8887820839881897e-01</stageThreshold>
      <weakClassifiers>
        <_>
          <internalNodes>
            0 -1 2 3.1040392816066742e-02</internalNodes>
          <leafValues>
            -9.2000001668930054e-01 5.2941179275512695e-01</leafValues></_>
        <_>
          <internalNodes>
            0 -1 23 5.7338736951351166e-03</internalNodes>
          <leafValues>
            7.9926496744155884e-01 -7.1828997135162354e-01</leafValues></_></weakClassifiers></_>
    <!-- stage 12 -->
    <_>
      <maxWeakCount>2</maxWeakCount>
      <stageThreshold>1.1015285551548004e-01</stageThreshold>
      <weakClassifiers>
        <_>
          <internalNodes>
            0 -1 8 2.0352816209197044e-02</internalNodes>
          <leafValues>
            7.3333334922790527e-01 -8.1818181276321411e-01</leafValues></_>
        <_>
          <internalNodes>
            0 -1 13 1.3249436393380165e-02</internalNodes>
          <leafValues>
            9.2833465337753296e-01 -6.2033617496490479e-01</leafValues></_></weakClassifiers></_>
    <!-- stage 13 -->
    <_>
      <maxWeakCount>2</maxWeakCount>
      <stageThreshold>6.5978802740573883e-02</stageThreshold>
      <weakClassifiers>
        <_>
          <internalNodes>
            0 -1 16 2.3545809090137482e-03</internalNodes>
          <leafValues>
            9.2307692766189575e-01 -6.3636362552642822e-01</leafValues></_>
        <_>
          <internalNodes>
            0 -1 5 3.4133829176425934e-03</internalNodes>
          <leafValues>
            -8.5709810256958008e-01 7.2563838958740234e-01</leafValues></_></weakClassifiers></_>
    <!-- stage 14 -->
    <_>
      <maxWeakCount>1</maxWeakCount>
      <stageThreshold>8.0000001192092896e-01</stageThreshold>
      <weakClassifiers>
        <_>
          <internalNodes>
            0 -1 7 3.7603415548801422e-02</internalNodes>
          <leafValues>
            8.0000001192092896e-01 -1.</leafValues></_></weakClassifiers></_>
    <!-- stage 15 -->
    <_>
      <maxWeakCount>2</maxWeakCount>
      <stageThreshold>3.8939782977104187e-01</stageThreshold>
      <weakClassifiers>
        <_>
          <internalNodes>
            0 -1 6 2.3964852094650269e-02</internalNodes>
          <leafValues>
            9.2307692766189575e-01 -5.5555558204650879e-01</leafValues></_>
        <_>
          <internalNodes>
            0 -1 4 8.5984272882342339e-03</internalNodes>
          <leafValues>
            -5.3367912769317627e-01 1.</leafValues></_></weakClassifiers></_>
    <!-- stage 16 -->
    <_>
      <maxWeakCount>2</maxWeakCount>
      <stageThreshold>3.3343189954757690e-01</stageThreshold>
      <weakClassifiers>
        <_>
          <internalNodes>
            0 -1 22 5.9980511665344238e-02</internalNodes>
          <leafValues>
            9.2307692766189575e-01 -5.0000000000000000e-01</leafValues></_>
        <_>
          <internalNodes>
            0 -1 12 7.0162173360586166e-03</internalNodes>
          <leafValues>
            -5.8964502811431885e-01 1.</leafValues></_></weakClassifiers></_></stages>
  <features>
    <_>
      <rect>
        0 0 8 8 7</rect></_>
    <_>
      <rect>
        0 0 8 8 9</rect></_>
    <_>
      <rect>
        0 0 8 8 26</rect></_>
    <_>
      <rect>
        0 12 8 8 17</rect></_>
    <_>
      <rect>
        0 16 8 8 30</rect></_>
    <_>
      <rect>
        0 20 8 8 34</rect></_>
    <_>
      <rect>
        0 40 8 8 0</rect></_>
    <_>
      <rect>
        0 40 8 8 13</rect></_>
    <_>
      <rect>
        4 0 8 8 23</rect></_>
    <_>
      <rect>
        8 0 8 8 9</rect></_>
    <_>
      <rect>
        8 0 8 8 35</rect></_>
    <_>
      <rect>
        8 4 8 8 33</rect></_>
    <_>
      <rect>
        8 24 8 8 3</rect></_>
    <_>
      <rect>
        8 40 8 8 10</rect></_>
    <_>
      <rect>
        12 0 8 8 0</rect></_>
    <_>
      <rect>
        16 0 8 8 15</rect></_>
    <_>
      <rect>
        16 4 8 8 11</rect></_>
    <_>
      <rect>
        16 32 8 8 31</rect></_>
    <_>
      <rect>
        16 40 8 8 28</rect></_>
    <_>
      <rect>
        0 0 8 16 30</rect></_>
    <_>
      <rect>
        0 8 8 16 4</rect></_>
    <_>
      <rect>
        8 0 8 16 17</rect></_>
    <_>
      <rect>
        8 24 8 16 26</rect></_>
    <_>
      <rect>
        16 16 8 16 15</rect></_>
    <_>
      <rect>
        16 20 8 16 13</rect></_>
    <_>
      <rect>
        0 0 16 8 10</rect></_>
    <_>
      <rect>
        0 12 16 16 8</rect></_>
    <_>
      <rect>
        0 24 16 16 23</rect></_></features></cascade>
</opencv_storage>
